{
  "Bioavailability": 1,
  "pka": 1.0,
  "pkb": 1.0,
  "LogP": -1.03,
  "Boiling Point (\u00b0C)": 5.370317963702752e+270,
  "Melting Point (\u00b0C)": 3.8018939632057213e+148,
  "Water Solubility": 134896288259165.6,
  "pKa": 1.0,
  "pKb": 1.0,
  "pH LogD": [
    -1.29,
    -1.03,
    -0.56,
    -0.44,
    -0.21,
    -0.2,
    -0.28,
    -0.47,
    -0.69,
    -1.09
  ],
  "pH Mass Solubility": [
    7.244359600749891e+67,
    1.621810097358933e+26,
    177827941003.89,
    7079457.84,
    575439.94,
    2344228.82,
    93325.43,
    147910.84,
    169824365246.17,
    4.570881896148752e+17
  ],
  "Lipinski's Rule of 5": "Yes",
  "Molecular weight(g/mol)": 194.19,
  "Caco-2 permeability": 0
}